_id,name,path,__v,heading,paragraph
6788cdd70aec68c9270e187a,1737018839959-7.png,/uploads/1737018839959-7.png,0,,
6788cddc0aec68c9270e187d,1737018844577-9.png,/uploads/1737018844577-9.png,0,,
6788cde10aec68c9270e1880,1737018849940-8.png,/uploads/1737018849940-8.png,0,,
6788cde40aec68c9270e1883,1737018852497-11.png,/uploads/1737018852497-11.png,0,,
6788cde70aec68c9270e1886,1737018855800-10.png,/uploads/1737018855800-10.png,0,,
6788cdec0aec68c9270e1889,1737018860222-12.png,/uploads/1737018860222-12.png,0,,
6788cdf10aec68c9270e188c,1737018865351-13.png,/uploads/1737018865351-13.png,0,,
6788d8281210568accfeeb8a,1737021480560-5.png,/uploads/1737021480560-5.png,0,,
6788dbf5507b4c145d7109a1,1737022453647-9.png,/carousel-images/1737022453647-9.png,0,,
6788dc14507b4c145d7109ad,1737022484141-10.png,/carousel-images/1737022484141-10.png,0,,
6788dc18507b4c145d7109b0,1737022488445-11.png,/carousel-images/1737022488445-11.png,0,,
6788dc1d507b4c145d7109b6,1737022493540-13.png,/carousel-images/1737022493540-13.png,0,,
6788e4305f804506cfc03fc7,1737024560435-Inspirational-Code-HD-Wallpapers.jpg,/gallery/1737024560435-Inspirational-Code-HD-Wallpapers.jpg,0,,
678e4a9027dd2d071bad039c,1737378448402-10.png,/gallery/1737378448402-10.png,0,,
678e4a9327dd2d071bad039f,1737378451257-13.png,/gallery/1737378451257-13.png,0,,
678e4a9627dd2d071bad03a2,1737378454626-11.png,/gallery/1737378454626-11.png,0,,
678e4a9b27dd2d071bad03a5,1737378459576-12.png,/gallery/1737378459576-12.png,0,,
678e4aa127dd2d071bad03a8,1737378465370-7.png,/gallery/1737378465370-7.png,0,,
679473d61c8db346ea63a143,1737782230888-4.png,/gallery/1737782230888-4.png,0,,
679476c91c8db346ea63a194,1737782985135-3.png,/gallery/1737782985135-3.png,0,,
679476cd1c8db346ea63a197,1737782989399-2.png,/gallery/1737782989399-2.png,0,,
6797637ae1db2d935a63e4b2,vishal-rathore-designs.jpeg,/client/1737974650944-vishal-rathore-designs.jpeg,0,Vishal Rathore,Designs
679763c8e1db2d935a63e4bb,the-orchard-manor.jpeg,/client/1737974728650-the-orchard-manor.jpeg,0,The Orchard Manor,Logo
679763d6e1db2d935a63e4c1,theorchardmanor.jpeg,/client/1737974742596-theorchardmanor.jpeg,0,The Orchard Manor,Designs
679763e1e1db2d935a63e4c4,sani.jpeg,/client/1737974753196-sani.jpeg,0,Sani,Logo
6797640ae1db2d935a63e4c7,retaak.jpeg,/client/1737974794493-retaak.jpeg,0,Retaak,Logo
6797643de1db2d935a63e4cd,parihar-khushbuwahi.jpeg,/client/1737974845328-parihar-khushbuwahi.jpeg,0,Parihar Khushbuwahi,Logo
6797644de1db2d935a63e4d0,hetvi.jpeg,/client/1737974861438-hetvi.jpeg,0,Hetvi,Logo
6797645ce1db2d935a63e4d3,ghar-gristhi.jpeg,/client/1737974876510-ghar-gristhi.jpeg,0,Ghar Gristhi,Logo
67976468e1db2d935a63e4d6,ananyas.jpg,/client/1737974888672-ananyas.jpg,0,Ananyas,Logo
